{
  "output_file": "settings.json",
  "OnlyLive": {
    "type": "checkbox",
    "value": false,
    "label": "Only when live",
    "tooltip": "Command is only active when stream is live",
    "group": "General"
  },
  "Command": {
    "type": "textbox",
    "value": "!give",
    "label": "Command Name",
    "tooltip": "The command the bot will respond to",
    "group": "General"
  },
  "SuccessResponse": {
    "type": "textbox",
    "value": "{0} has transferred {1} {2} to {3}",
    "label": "Transfer response",
    "tooltip": "Message send when the transfer succeeds.",
    "group": "General"
  },
  "FailResponse": {
    "type": "textbox",
    "value": "{0} does not have enough {1} to transfer {2} ({3} fee)",
    "label": "Fail response",
    "tooltip": "Message sent if user does not have enough currency.",
    "group": "General"
  },
  "InactiveResponse": {
    "type": "textbox",
    "value": "{0} is not currently active.",
    "label": "Inactive response",
    "tooltip": "Message sent if user is not active in chat.",
    "group": "General"
  },
  "Fee": {
    "type": "slider",
    "value": 2,
    "min": 0,
    "max": 10,
    "ticks": 1,
    "label": "Fee",
    "tooltip": "Fee percent.",
    "group": "General"
  },
}